service_failure,male,age,eth,income,state,id
1,1,7,3,1,14,1
1,0,6,2,3,37,2
1,0,5,1,1,49,3
0,1,6,1,1,47,4
0,0,1,1,1,40,5
0,0,5,1,1,31,6
1,1,4,1,2,48,7
0,1,5,1,1,38,8
1,1,6,1,1,50,9
1,0,7,2,1,25,10
1,1,6,3,2,11,11
0,1,6,2,2,45,12
1,0,6,2,1,33,13
0,0,7,1,1,7,14
1,0,6,3,3,35,15
1,0,4,3,1,24,16
0,0,3,3,2,50,17
1,0,7,2,1,32,18
1,0,6,3,2,10,19
0,1,6,1,2,26,20
1,1,3,1,3,43,21
1,0,7,3,1,44,22
1,0,3,2,2,12,23
1,0,7,1,3,50,24
1,0,7,3,3,44,25
0,0,7,3,3,33,26
0,0,4,2,1,33,27
0,1,5,2,2,21,28
0,1,4,1,1,45,29
1,0,4,3,2,32,30
1,0,1,3,1,6,31
0,1,6,2,1,26,32
1,0,7,1,1,6,33
0,1,4,1,2,31,34
0,1,7,2,1,38,35
0,0,5,3,1,6,36
0,1,7,1,2,28,37
0,1,3,1,1,5,38
0,0,7,3,1,31,39
0,1,3,3,1,14,40
1,0,7,3,1,32,41
1,1,7,2,1,49,42
1,1,6,2,1,43,43
1,0,6,3,1,8,44
1,1,5,3,1,45,45
1,0,4,1,2,5,46
1,0,6,3,1,1,47
1,0,7,1,2,8,48
1,0,6,3,2,38,49
1,0,5,2,3,17,50
1,1,6,3,1,31,51
1,0,7,1,1,32,52
1,0,6,3,1,17,53
1,0,7,1,2,43,54
1,1,7,3,2,34,55
1,0,6,3,1,41,56
1,0,5,2,1,14,57
0,0,7,3,2,22,58
1,1,7,1,1,27,59
1,0,7,1,1,38,60
0,0,7,3,3,3,61
1,0,6,1,1,36,62
1,0,7,1,1,45,63
1,0,1,3,1,25,64
1,0,6,1,3,35,65
1,0,5,2,1,47,66
1,0,7,3,1,38,67
1,1,7,3,2,49,68
0,0,6,1,2,11,69
1,0,4,3,3,43,70
1,0,7,1,1,7,71
1,0,5,3,2,32,72
0,0,3,2,1,19,73
0,0,7,1,2,10,74
0,0,7,3,1,6,75
0,1,6,3,1,35,76
0,0,6,3,1,8,77
1,0,4,3,2,44,78
1,0,6,1,1,1,79
1,0,4,3,1,32,80
0,0,1,1,3,4,81
0,0,5,2,2,1,82
1,0,6,3,2,44,83
1,0,4,3,3,23,84
1,0,7,1,2,26,85
1,0,7,1,3,27,86
1,0,6,3,1,32,87
0,0,1,3,1,26,88
0,1,5,1,1,45,89
0,1,5,3,2,5,90
1,0,6,3,2,19,91
1,0,5,3,2,50,92
0,0,7,1,1,31,93
0,0,5,1,1,31,94
1,0,5,1,2,20,95
0,1,7,3,1,35,96
0,0,4,1,1,46,97
1,0,7,3,2,23,98
1,0,6,3,1,5,99
1,1,7,1,1,24,100
1,1,1,3,1,44,101
1,0,3,1,3,9,102
1,0,7,1,2,26,103
0,0,6,1,1,33,104
1,0,7,1,1,37,105
0,1,7,3,1,19,106
0,1,7,2,1,26,107
0,0,6,2,1,45,108
1,0,7,3,3,43,109
1,0,6,3,2,43,110
1,0,7,1,1,36,111
0,1,7,3,1,25,112
1,0,5,3,1,38,113
1,0,6,3,1,1,114
1,1,6,3,2,5,115
1,0,7,3,2,4,116
0,0,5,1,1,32,117
1,0,6,2,2,38,118
0,1,5,1,2,8,119
1,0,3,3,1,19,120
1,0,5,3,2,24,121
1,1,2,3,1,20,122
0,0,6,3,3,31,123
1,0,6,2,3,44,124
1,1,3,1,2,50,125
1,1,1,3,2,32,126
1,1,6,3,1,48,127
1,0,7,3,3,22,128
1,0,7,2,2,44,129
1,0,6,3,1,40,130
1,0,5,3,2,33,131
1,0,6,1,1,15,132
0,1,5,3,1,4,133
0,1,1,1,1,8,134
1,1,4,3,2,17,135
1,0,7,3,2,40,136
0,0,7,2,1,28,137
0,0,3,2,2,5,138
1,0,7,1,1,38,139
0,1,4,1,1,40,140
0,0,6,2,3,14,141
1,0,1,1,1,11,142
1,1,1,3,2,31,143
0,1,4,1,2,6,144
1,0,7,3,2,14,145
1,1,7,3,1,39,146
1,0,7,3,1,36,147
0,1,6,3,2,33,148
1,0,6,2,1,28,149
1,0,3,3,3,39,150
1,1,7,3,1,28,151
1,0,7,3,1,20,152
1,0,5,3,2,6,153
1,0,5,3,3,31,154
1,0,6,3,1,24,155
1,0,6,1,2,30,156
1,0,6,3,1,11,157
1,0,5,3,2,12,158
1,1,7,3,1,26,159
0,0,7,1,1,20,160
1,0,7,1,1,23,161
0,0,4,1,1,30,162
0,1,3,3,2,21,163
0,0,3,2,1,11,164
1,0,7,3,1,38,165
0,1,5,1,2,10,166
1,1,5,3,1,48,167
1,0,3,1,1,44,168
1,0,7,1,1,26,169
1,1,4,3,1,37,170
1,0,7,3,2,13,171
1,1,6,3,3,1,172
1,0,5,3,3,8,173
0,0,4,1,2,43,174
0,0,3,2,3,45,175
0,1,3,1,1,33,176
1,0,7,1,2,34,177
0,0,6,1,1,1,178
1,0,5,3,1,32,179
0,1,7,3,1,9,180
1,1,6,3,1,30,181
0,1,3,3,1,26,182
1,1,6,1,1,50,183
1,0,6,3,3,18,184
0,0,7,1,1,9,185
1,1,6,3,1,1,186
0,0,7,3,1,49,187
1,0,7,1,3,6,188
0,0,7,1,2,43,189
1,0,7,3,2,50,190
1,0,7,3,1,39,191
0,0,5,3,2,10,192
1,0,4,1,2,17,193
1,0,5,3,2,38,194
1,1,6,1,2,40,195
1,1,7,3,1,37,196
0,0,3,3,1,25,197
1,0,5,3,2,47,198
0,0,1,2,2,22,199
1,0,7,3,1,12,200
1,0,6,1,1,44,201
0,0,7,1,1,31,202
1,0,7,1,1,33,203
1,0,6,3,1,49,204
1,0,4,1,1,40,205
1,0,7,1,2,44,206
0,0,3,3,2,5,207
1,0,4,2,1,5,208
1,0,7,2,3,15,209
1,0,5,3,1,15,210
1,0,7,3,1,26,211
1,1,4,3,1,18,212
1,0,7,1,2,15,213
0,0,4,3,1,8,214
0,0,1,3,2,28,215
0,0,2,2,2,8,216
1,0,7,2,1,11,217
1,0,6,3,1,4,218
1,1,7,3,3,43,219
1,1,4,2,3,6,220
1,0,3,3,2,31,221
0,0,1,1,2,9,222
0,0,5,3,1,19,223
1,0,7,3,2,26,224
1,1,6,1,1,1,225
1,0,7,2,1,44,226
0,0,1,2,2,19,227
0,1,7,1,1,5,228
0,0,1,2,3,10,229
1,0,4,1,3,36,230
1,0,6,2,1,49,231
1,0,5,1,2,13,232
1,1,6,3,1,14,233
0,1,7,3,1,50,234
1,0,6,3,2,30,235
1,0,7,3,2,5,236
1,0,7,3,2,3,237
1,0,1,1,2,36,238
0,1,3,3,3,7,239
1,0,5,3,2,11,240
1,1,6,2,2,43,241
1,0,6,3,2,10,242
1,0,4,3,1,1,243
1,1,5,1,2,30,244
1,0,4,3,1,18,245
0,0,7,3,1,33,246
1,0,1,3,2,36,247
0,1,4,3,2,24,248
0,0,7,3,2,4,249
1,0,6,3,1,27,250
0,0,4,3,2,31,251
1,0,7,3,1,6,252
1,0,6,3,1,11,253
1,0,7,2,1,49,254
1,0,4,3,1,31,255
1,0,4,3,3,35,256
0,1,4,1,2,7,257
1,1,1,3,1,45,258
0,0,3,1,1,11,259
0,1,5,2,1,26,260
1,0,6,3,2,44,261
1,0,1,3,2,6,262
1,1,7,3,1,36,263
1,0,4,1,1,2,264
0,0,7,3,1,8,265
1,0,7,2,3,24,266
1,0,6,1,1,41,267
1,0,4,3,1,44,268
0,0,1,3,2,49,269
0,0,5,1,1,25,270
1,1,5,3,2,25,271
1,0,3,1,1,49,272
1,1,7,1,1,48,273
1,0,5,3,2,31,274
0,1,4,3,1,43,275
1,0,7,3,3,25,276
0,0,7,3,2,7,277
1,1,6,2,2,38,278
1,0,4,1,2,31,279
0,0,7,3,3,44,280
0,0,7,2,2,19,281
0,1,2,1,1,36,282
1,0,3,3,1,47,283
0,1,5,3,1,44,284
1,0,5,3,3,31,285
1,0,2,3,1,5,286
0,1,7,2,2,43,287
1,0,7,2,3,50,288
1,0,6,3,2,17,289
1,1,7,3,1,39,290
1,0,1,3,1,10,291
1,0,7,1,1,44,292
1,0,7,2,2,19,293
1,0,6,3,3,22,294
1,0,7,1,1,1,295
0,0,4,1,1,9,296
0,0,1,1,1,39,297
0,1,7,3,2,4,298
1,0,6,3,1,5,299
0,0,2,3,1,31,300
1,0,6,3,1,6,301
1,0,7,2,1,17,302
1,0,4,2,1,10,303
1,0,6,3,2,26,304
1,0,4,3,2,33,305
1,1,7,1,2,15,306
1,0,7,2,1,42,307
1,0,3,3,1,45,308
1,0,7,1,1,10,309
1,0,5,2,1,30,310
1,1,7,3,2,20,311
1,1,2,3,1,33,312
1,0,1,1,3,5,313
1,0,6,3,1,25,314
1,0,7,3,1,30,315
0,1,7,3,1,4,316
1,1,5,2,1,6,317
1,0,4,3,1,7,318
1,0,5,3,1,43,319
0,0,3,3,1,7,320
1,0,4,2,1,11,321
1,1,6,1,1,37,322
0,1,7,1,3,17,323
1,0,6,3,1,11,324
1,0,5,1,1,6,325
0,0,5,2,1,19,326
1,1,7,3,1,39,327
1,0,7,3,2,37,328
1,0,3,3,2,10,329
1,1,4,3,1,8,330
1,0,1,1,2,30,331
1,0,5,1,3,6,332
1,0,6,2,1,11,333
0,0,1,1,1,14,334
0,1,7,1,1,5,335
0,0,1,1,2,19,336
1,0,7,3,1,30,337
1,1,6,3,2,25,338
0,1,4,3,2,11,339
1,0,6,3,1,43,340
1,0,4,3,1,25,341
1,0,5,3,1,6,342
0,0,6,1,2,6,343
1,0,4,3,2,26,344
1,0,7,3,1,12,345
0,1,5,3,2,2,346
1,0,1,1,3,9,347
1,1,6,1,3,10,348
1,0,6,3,2,24,349
0,0,3,1,1,49,350
0,1,3,3,1,30,351
1,1,5,2,1,4,352
0,1,7,1,2,31,353
1,0,5,3,1,26,354
1,0,1,1,1,12,355
0,1,7,3,3,44,356
1,0,7,2,1,24,357
1,0,3,3,3,47,358
1,0,6,3,1,48,359
1,0,7,2,2,36,360
1,0,6,2,3,44,361
1,0,1,3,2,18,362
1,0,4,3,1,18,363
1,0,6,3,1,17,364
1,1,5,3,1,30,365
1,0,7,1,2,5,366
1,0,7,1,1,25,367
1,1,1,2,1,17,368
1,0,7,3,2,11,369
1,1,7,3,1,11,370
1,0,4,3,2,17,371
1,0,7,1,2,50,372
1,1,7,3,3,5,373
1,0,6,2,1,28,374
0,1,1,2,1,7,375
0,1,6,3,2,1,376
1,0,7,3,1,23,377
0,0,7,1,2,1,378
0,1,6,2,1,43,379
1,0,4,3,1,44,380
1,0,6,1,3,5,381
0,0,1,1,1,22,382
1,0,6,3,1,24,383
1,1,7,1,3,40,384
1,0,6,1,1,43,385
1,1,2,1,2,24,386
0,1,6,1,1,31,387
1,1,1,3,1,47,388
1,0,4,3,1,8,389
0,1,1,1,1,38,390
1,0,6,2,2,38,391
1,0,6,3,1,23,392
1,0,7,3,1,1,393
0,1,4,1,1,19,394
1,0,5,1,1,32,395
1,0,6,3,2,31,396
1,0,7,3,3,31,397
1,1,1,1,1,1,398
1,0,4,1,1,34,399
1,0,6,2,3,38,400
0,0,1,1,2,23,401
0,0,4,1,2,50,402
1,1,1,1,1,15,403
1,0,5,3,3,43,404
1,0,6,3,2,1,405
1,0,7,1,1,36,406
1,0,7,3,2,36,407
0,1,3,1,1,25,408
1,0,7,3,1,34,409
1,0,7,1,1,28,410
1,0,7,1,1,6,411
1,1,7,2,1,38,412
1,0,7,2,1,30,413
1,0,7,3,2,6,414
1,1,7,1,1,6,415
1,0,5,2,1,44,416
0,0,7,2,1,19,417
1,0,7,2,2,43,418
1,0,7,1,1,12,419
1,0,5,1,3,22,420
0,1,5,3,1,38,421
1,0,7,3,1,10,422
0,1,5,1,1,43,423
0,0,5,2,2,23,424
1,0,6,3,1,18,425
1,0,6,3,1,28,426
1,0,4,3,2,43,427
1,0,7,1,2,32,428
1,0,6,3,2,35,429
1,0,5,2,1,8,430
1,0,7,3,2,30,431
1,1,7,3,1,11,432
1,0,7,1,1,24,433
1,0,7,3,3,49,434
1,0,5,1,2,18,435
1,0,7,2,2,23,436
1,0,5,3,2,2,437
1,1,6,3,1,5,438
1,0,7,1,2,38,439
1,0,6,3,3,4,440
1,1,6,3,2,49,441
0,1,7,3,1,8,442
1,0,4,3,3,20,443
1,1,6,3,2,25,444
0,0,6,1,3,8,445
1,0,7,3,2,18,446
1,1,5,1,1,28,447
1,1,7,3,1,26,448
1,0,3,3,3,26,449
1,0,5,3,3,17,450
1,0,6,3,1,48,451
1,1,7,3,2,26,452
0,1,3,3,1,25,453
1,0,6,1,1,25,454
1,0,6,1,2,32,455
1,0,5,3,2,16,456
1,0,6,3,1,36,457
0,0,6,2,2,25,458
1,0,7,1,1,9,459
0,0,7,2,1,32,460
1,0,7,3,1,7,461
0,0,4,3,2,3,462
1,0,7,2,1,1,463
1,0,6,3,1,26,464
1,0,7,2,1,33,465
1,0,7,3,2,44,466
1,0,5,1,1,4,467
1,1,5,1,1,12,468
1,0,6,3,2,35,469
1,0,7,2,1,21,470
1,0,7,3,1,24,471
1,1,6,3,2,30,472
0,0,4,3,1,10,473
1,0,4,1,3,43,474
1,0,5,2,1,25,475
1,0,3,1,1,31,476
1,0,4,3,1,7,477
0,1,4,1,2,25,478
0,1,4,3,1,34,479
1,1,5,1,2,23,480
0,0,7,3,1,14,481
1,0,6,2,2,18,482
1,0,5,3,1,7,483
1,1,4,1,1,5,484
1,1,6,3,1,33,485
1,0,6,1,2,36,486
1,1,7,3,1,1,487
1,0,1,1,1,49,488
1,0,7,2,2,8,489
0,1,5,2,2,11,490
1,0,7,1,2,9,491
1,0,4,3,1,10,492
1,0,6,3,1,35,493
1,0,6,3,2,10,494
1,0,6,1,1,36,495
1,0,4,2,3,25,496
1,0,3,3,2,4,497
1,0,7,1,3,6,498
0,1,4,3,1,44,499
1,1,6,3,1,25,500
1,1,5,2,1,25,501
1,0,1,2,1,15,502
1,0,6,1,1,48,503
0,0,7,3,2,33,504
1,0,6,1,2,35,505
1,1,3,3,1,32,506
1,1,7,3,1,44,507
1,0,1,2,2,26,508
0,0,6,3,1,42,509
1,0,3,1,1,1,510
1,0,1,3,1,5,511
1,0,7,1,1,6,512
0,0,5,3,2,10,513
1,0,6,1,3,9,514
1,1,7,1,1,37,515
1,1,1,2,1,1,516
1,0,6,1,3,33,517
1,1,4,3,2,26,518
1,0,6,1,1,44,519
1,1,6,3,1,32,520
1,0,6,3,2,5,521
1,0,7,2,2,44,522
1,0,7,3,1,29,523
1,0,6,3,3,4,524
1,1,3,1,1,24,525
1,1,5,3,1,26,526
1,0,7,1,1,25,527
1,1,7,3,2,4,528
1,1,7,2,1,25,529
0,0,6,1,1,34,530
0,0,7,2,1,4,531
0,0,6,1,1,26,532
0,0,7,1,2,23,533
1,1,5,1,3,31,534
1,1,7,2,2,38,535
1,1,7,3,2,35,536
0,0,7,3,2,21,537
0,0,4,2,1,5,538
0,0,6,1,2,43,539
1,1,5,3,1,13,540
1,0,1,3,2,5,541
1,1,6,3,2,18,542
0,1,6,1,1,22,543
1,0,7,3,1,39,544
1,0,5,1,1,5,545
1,0,7,3,2,20,546
0,0,7,1,2,33,547
1,0,6,3,2,24,548
1,0,7,3,1,35,549
1,0,7,3,1,33,550
1,1,7,2,1,44,551
1,0,1,2,1,45,552
1,1,6,3,1,28,553
0,1,7,1,1,17,554
1,0,6,3,2,31,555
0,1,6,3,1,8,556
0,0,6,3,3,10,557
1,1,6,2,1,26,558
1,0,7,3,2,38,559
1,0,5,2,1,45,560
1,0,5,2,1,31,561
1,0,4,1,2,38,562
1,0,4,1,1,44,563
0,1,6,1,2,14,564
1,0,5,2,1,44,565
1,0,7,3,1,5,566
1,0,3,3,2,23,567
1,0,6,3,1,4,568
1,0,1,3,1,35,569
0,0,4,2,1,47,570
0,0,1,3,2,33,571
1,0,6,3,2,42,572
1,0,5,3,1,45,573
0,0,1,3,2,7,574
1,0,7,3,2,44,575
1,0,4,1,1,6,576
0,0,5,1,1,31,577
1,1,7,3,1,18,578
1,0,7,1,2,31,579
0,0,6,1,1,19,580
1,0,4,1,3,4,581
0,1,7,3,1,5,582
1,0,7,3,1,36,583
1,1,7,2,2,9,584
1,0,1,2,2,28,585
1,1,7,1,1,34,586
1,0,1,3,2,10,587
1,0,7,1,2,48,588
1,0,7,1,2,3,589
1,1,1,2,3,26,590
0,0,7,3,1,27,591
1,0,7,3,1,44,592
0,1,7,3,3,47,593
1,1,5,3,3,50,594
1,0,1,2,3,45,595
1,0,6,1,2,4,596
1,0,6,3,2,1,597
1,0,4,3,1,35,598
1,1,6,3,2,49,599
1,0,6,1,1,26,600
1,1,7,3,3,49,601
1,1,4,2,3,47,602
1,0,7,3,2,31,603
0,0,6,1,2,39,604
0,1,4,1,3,9,605
1,0,7,2,1,17,606
0,1,6,3,2,44,607
1,0,5,1,2,30,608
1,1,6,3,1,2,609
1,0,3,3,2,6,610
1,0,7,3,2,24,611
1,0,7,3,1,5,612
1,0,5,3,1,50,613
1,0,4,3,1,12,614
1,0,7,3,1,30,615
0,0,3,2,1,33,616
0,1,5,1,1,14,617
1,0,6,3,3,42,618
0,1,7,1,1,11,619
1,1,2,3,1,50,620
0,0,5,3,1,7,621
0,1,7,2,3,33,622
1,1,7,3,1,43,623
1,0,3,3,1,31,624
1,0,4,1,1,29,625
0,0,5,3,1,1,626
1,0,1,3,2,14,627
0,0,6,1,2,19,628
1,0,7,3,1,37,629
1,0,6,1,2,49,630
1,0,5,3,3,10,631
0,0,6,1,2,10,632
1,0,7,2,1,14,633
1,0,7,1,1,12,634
1,0,5,3,2,50,635
0,0,1,3,2,36,636
1,0,7,2,1,18,637
1,0,6,1,2,39,638
1,0,7,1,1,24,639
1,0,6,3,2,43,640
1,0,4,3,3,24,641
1,1,6,3,1,5,642
1,0,5,2,2,11,643
0,1,6,1,2,38,644
1,0,6,2,3,44,645
1,0,6,3,3,36,646
1,0,7,3,2,44,647
1,0,5,3,1,38,648
1,0,7,3,3,32,649
0,1,4,3,2,9,650
1,0,7,1,1,24,651
1,0,7,3,1,14,652
0,1,4,3,1,26,653
0,0,5,1,1,7,654
1,1,7,3,1,36,655
1,0,5,2,1,18,656
1,0,7,2,3,6,657
1,1,7,3,1,14,658
0,0,4,1,1,12,659
1,0,1,1,2,12,660
0,0,6,1,1,17,661
1,0,6,3,1,38,662
1,0,7,3,1,18,663
1,0,7,1,1,49,664
0,0,1,3,1,39,665
1,0,5,3,1,25,666
1,0,5,1,1,24,667
1,0,1,3,3,38,668
1,1,7,1,1,24,669
1,0,5,3,2,26,670
0,1,4,2,1,11,671
1,0,4,3,1,18,672
1,0,6,3,1,24,673
1,0,5,3,1,7,674
1,1,7,2,1,44,675
0,0,5,3,1,48,676
1,0,7,2,1,32,677
1,0,7,1,1,24,678
1,0,7,3,1,20,679
1,0,7,3,1,33,680
0,0,5,1,2,7,681
0,0,6,1,2,7,682
1,1,6,3,2,26,683
1,0,4,1,1,20,684
0,0,6,3,2,34,685
1,0,6,3,2,29,686
1,0,5,3,1,7,687
1,0,7,3,3,1,688
0,0,5,3,3,11,689
1,0,6,1,1,20,690
0,0,1,3,2,8,691
1,0,6,3,2,49,692
0,1,7,2,2,37,693
0,0,4,3,2,31,694
1,0,6,3,2,49,695
1,0,6,3,3,21,696
1,0,6,3,3,38,697
1,0,7,1,1,25,698
1,1,5,3,2,44,699
1,0,4,3,1,21,700
1,0,3,3,1,18,701
0,0,4,1,2,22,702
1,0,6,3,1,38,703
0,1,6,1,1,9,704
1,0,7,1,1,25,705
0,1,6,3,1,17,706
0,1,7,1,3,14,707
0,0,1,3,2,33,708
1,0,7,2,1,38,709
1,0,2,3,1,32,710
0,1,7,3,1,44,711
1,0,6,1,2,19,712
1,1,6,3,1,28,713
0,0,3,2,2,38,714
1,0,6,3,1,10,715
1,0,7,3,1,23,716
1,1,7,3,2,26,717
1,1,7,3,3,1,718
1,0,3,3,1,50,719
1,0,6,3,1,31,720
1,0,7,3,1,23,721
1,0,6,2,3,43,722
0,1,7,3,1,43,723
1,0,6,3,1,25,724
1,1,4,3,2,5,725
0,0,1,1,1,14,726
0,0,4,1,3,31,727
1,0,6,3,2,10,728
1,0,6,1,2,11,729
1,1,4,3,1,25,730
1,0,5,3,1,30,731
1,1,4,1,3,26,732
1,0,6,3,1,10,733
0,1,6,1,2,14,734
1,1,6,3,2,30,735
1,0,4,2,2,36,736
1,0,6,1,1,8,737
1,1,6,3,1,6,738
1,0,5,3,2,30,739
1,0,6,3,2,25,740
1,0,7,2,2,23,741
1,0,7,3,3,33,742
1,1,6,3,2,8,743
0,1,3,1,1,34,744
1,0,5,1,1,38,745
1,0,7,3,1,44,746
1,0,6,2,2,38,747
1,1,3,3,1,1,748
1,0,7,3,2,26,749
1,0,4,2,2,15,750
0,0,3,1,2,9,751
1,0,5,1,1,24,752
0,0,6,3,2,23,753
1,0,7,2,1,44,754
1,0,6,1,1,45,755
1,1,4,1,1,1,756
1,0,3,1,2,26,757
1,0,4,1,1,35,758
0,0,1,1,1,45,759
0,0,7,1,2,31,760
1,0,7,1,1,50,761
1,0,6,1,2,1,762
1,0,7,3,1,3,763
1,0,5,3,1,31,764
1,0,6,3,3,23,765
1,1,6,3,1,49,766
0,0,7,1,2,43,767
1,0,1,2,2,6,768
1,0,7,1,1,30,769
0,1,7,3,2,1,770
1,0,3,3,3,13,771
1,0,7,2,2,26,772
0,0,4,3,1,26,773
1,1,6,3,3,5,774
1,0,1,3,2,21,775
1,0,7,3,3,36,776
1,0,7,3,2,8,777
0,0,1,1,2,26,778
1,0,1,3,2,31,779
0,1,7,3,1,49,780
0,0,3,1,1,22,781
1,0,1,1,2,32,782
1,0,5,3,2,38,783
1,0,6,3,1,1,784
1,0,1,3,1,50,785
1,1,7,1,2,24,786
1,0,4,3,1,19,787
1,1,7,2,2,28,788
0,1,6,3,2,21,789
0,1,6,1,1,31,790
1,0,5,3,2,33,791
1,0,7,2,1,33,792
1,0,6,3,1,28,793
1,1,7,3,1,39,794
1,0,6,3,1,24,795
1,0,5,3,1,25,796
0,0,6,2,1,45,797
1,0,5,3,2,45,798
0,1,6,3,2,33,799
1,0,6,1,1,37,800
1,1,3,1,1,25,801
1,0,4,1,1,45,802
1,0,4,3,3,28,803
1,0,6,3,1,4,804
0,0,6,1,3,25,805
1,0,1,3,1,28,806
1,0,7,3,1,44,807
0,0,7,2,1,34,808
0,0,5,1,1,4,809
0,1,3,2,2,31,810
1,0,7,3,1,33,811
1,0,7,1,2,26,812
0,1,6,3,1,40,813
1,0,6,3,3,24,814
1,0,5,3,1,4,815
1,0,6,2,1,35,816
1,0,3,1,2,35,817
0,1,1,1,1,36,818
1,0,7,1,2,22,819
1,0,4,3,1,38,820
1,0,7,3,2,8,821
1,0,6,3,1,23,822
1,0,6,3,1,17,823
0,0,6,3,1,7,824
1,0,7,3,2,1,825
1,0,6,1,3,43,826
1,1,6,3,3,36,827
1,0,7,3,2,31,828
1,0,6,3,3,43,829
1,0,5,3,2,5,830
0,0,1,1,1,23,831
0,0,1,1,2,10,832
1,1,7,1,1,4,833
0,0,7,3,2,28,834
1,0,4,1,2,5,835
0,1,4,1,2,8,836
0,0,5,3,2,10,837
1,0,1,1,2,26,838
0,0,7,1,2,11,839
0,1,7,3,1,4,840
1,0,5,3,3,6,841
1,0,6,3,2,44,842
1,1,7,1,1,6,843
1,1,4,3,3,33,844
0,1,7,3,2,5,845
1,0,7,1,1,38,846
0,1,5,3,1,45,847
1,1,3,3,1,49,848
1,0,3,3,1,37,849
0,0,6,2,1,8,850
0,1,1,1,2,3,851
1,0,7,3,2,38,852
1,0,6,1,3,1,853
0,0,1,1,2,15,854
1,0,6,2,1,28,855
0,0,6,1,2,13,856
1,0,6,3,2,20,857
1,0,6,3,1,38,858
1,0,5,3,1,36,859
1,0,7,1,1,47,860
1,0,4,3,2,26,861
1,1,6,1,2,4,862
1,0,7,1,1,49,863
0,0,6,3,2,25,864
1,0,7,3,1,14,865
1,1,3,3,2,15,866
1,1,4,3,1,32,867
1,0,6,2,2,17,868
1,0,5,3,1,5,869
0,0,4,3,2,10,870
1,0,5,1,1,23,871
1,0,6,1,1,24,872
0,1,1,3,1,25,873
0,1,2,3,1,6,874
1,0,7,3,1,17,875
1,0,4,3,3,25,876
1,0,7,3,3,5,877
1,1,3,3,1,6,878
0,1,3,3,1,31,879
1,1,1,3,1,32,880
1,0,6,3,3,13,881
1,0,7,2,1,23,882
1,0,7,3,2,49,883
1,0,4,3,1,5,884
1,1,7,1,1,48,885
0,1,6,2,2,29,886
0,1,6,1,1,15,887
1,0,7,3,1,24,888
1,0,6,1,1,29,889
1,1,1,3,3,5,890
1,0,6,3,1,7,891
1,0,4,1,2,1,892
0,1,5,1,1,38,893
1,0,7,3,3,26,894
1,0,6,1,2,12,895
1,0,6,3,2,38,896
0,0,6,3,2,45,897
1,1,6,3,1,32,898
0,0,5,3,2,30,899
1,1,6,3,1,40,900
1,0,6,3,3,9,901
1,1,5,3,1,10,902
0,0,5,3,2,13,903
0,0,7,3,1,30,904
1,0,7,1,2,44,905
0,1,7,1,3,36,906
1,0,7,1,1,36,907
1,0,7,3,2,36,908
0,0,3,3,2,25,909
0,1,1,1,2,45,910
1,0,7,3,1,30,911
0,0,7,1,1,6,912
1,0,5,1,1,35,913
0,0,6,3,2,6,914
1,0,3,3,1,45,915
1,0,6,3,1,49,916
1,1,2,3,1,26,917
1,0,5,3,1,38,918
0,1,7,3,1,22,919
1,0,5,1,2,38,920
0,0,6,1,1,9,921
1,0,7,3,1,33,922
0,1,7,3,2,25,923
0,0,7,3,2,7,924
1,0,4,1,1,49,925
1,1,6,1,2,26,926
0,0,1,1,2,33,927
1,0,5,2,2,4,928
1,0,7,3,1,44,929
1,0,7,2,1,49,930
1,0,3,1,1,14,931
1,1,1,1,2,27,932
1,0,7,3,1,14,933
1,1,3,1,1,34,934
0,1,6,3,1,12,935
1,0,6,1,1,36,936
1,1,1,2,1,29,937
1,1,6,1,3,10,938
0,0,3,3,1,44,939
0,0,5,2,2,17,940
1,0,7,2,3,49,941
1,1,6,3,3,14,942
1,0,7,1,2,43,943
0,1,6,1,1,48,944
1,0,5,2,1,34,945
1,1,7,3,1,15,946
1,0,1,2,3,5,947
1,0,5,3,1,44,948
1,0,7,1,3,49,949
0,0,1,1,1,8,950
1,0,6,3,1,50,951
0,1,6,1,1,23,952
1,0,4,1,1,32,953
1,0,5,3,1,11,954
1,0,6,3,1,43,955
1,0,4,3,2,24,956
0,0,3,2,1,7,957
1,0,4,2,2,48,958
1,0,6,1,2,26,959
1,0,6,3,1,12,960
0,0,1,1,2,33,961
0,1,3,1,1,5,962
1,1,2,3,2,18,963
1,0,4,3,2,49,964
1,0,4,3,1,44,965
0,1,3,3,1,33,966
1,0,3,2,1,49,967
1,0,5,1,2,36,968
1,0,7,1,3,15,969
1,0,4,3,1,4,970
1,0,7,2,2,32,971
1,0,7,1,1,31,972
1,1,1,3,2,8,973
0,0,1,1,1,25,974
1,1,7,1,2,13,975
0,0,1,2,3,50,976
0,0,5,3,1,26,977
1,0,6,1,1,4,978
0,0,7,3,1,19,979
1,1,5,1,2,43,980
1,1,6,3,2,49,981
0,0,6,1,1,44,982
1,1,5,3,1,28,983
1,0,3,3,1,28,984
1,0,7,3,1,15,985
1,0,4,2,1,28,986
1,0,6,3,1,23,987
1,1,6,3,1,18,988
0,0,6,1,2,11,989
1,1,3,3,3,44,990
1,0,7,3,3,45,991
0,0,5,3,3,14,992
1,0,5,2,1,1,993
0,0,6,1,2,35,994
1,0,7,1,1,28,995
1,1,5,3,3,5,996
1,0,1,2,2,11,997
1,0,6,2,2,5,998
1,0,6,1,3,39,999
1,0,7,3,2,1,1000
1,0,5,1,1,8,1001
0,0,5,3,2,33,1002
1,0,5,3,2,5,1003
1,0,6,1,1,38,1004
1,0,1,3,2,26,1005
1,0,1,1,1,26,1006
0,1,1,1,1,33,1007
1,0,5,3,1,34,1008
1,0,7,2,2,28,1009
1,1,7,3,1,6,1010
0,0,7,1,1,30,1011
1,1,5,3,2,23,1012
1,0,4,3,1,33,1013
1,0,7,1,1,4,1014
1,0,1,3,2,28,1015
1,0,3,1,2,4,1016
1,0,4,3,3,12,1017
1,0,4,3,2,45,1018
1,0,7,3,2,27,1019
1,1,6,2,3,6,1020
0,0,7,1,1,35,1021
1,0,6,3,2,11,1022
1,0,6,1,1,32,1023
1,0,6,1,1,6,1024
0,0,5,1,2,5,1025
1,0,6,3,1,45,1026
1,0,1,2,2,25,1027
1,0,7,3,3,49,1028
0,0,1,3,2,21,1029
1,0,6,3,2,33,1030
0,1,4,1,2,4,1031
0,1,7,3,2,9,1032
1,0,4,1,1,36,1033
1,0,5,3,1,9,1034
1,1,7,1,1,49,1035
1,1,4,2,2,18,1036
1,0,6,2,2,36,1037
1,0,6,3,1,23,1038
1,0,5,3,3,36,1039
1,0,3,3,1,36,1040
0,1,6,1,2,32,1041
0,0,5,1,2,7,1042
1,0,6,3,3,5,1043
1,0,7,3,2,35,1044
1,0,4,2,1,6,1045
0,1,5,1,2,8,1046
1,0,7,3,1,33,1047
1,0,7,3,1,10,1048
1,0,7,1,1,38,1049
1,0,7,3,1,24,1050
1,0,7,1,1,17,1051
1,0,7,3,1,30,1052
0,0,1,3,1,32,1053
1,0,6,3,1,26,1054
1,0,7,3,3,45,1055
1,0,3,3,2,13,1056
1,1,7,3,2,10,1057
0,1,7,1,2,1,1058
1,0,6,3,1,25,1059
0,0,7,1,1,33,1060
1,1,7,3,1,28,1061
0,1,7,3,2,42,1062
1,0,6,1,1,44,1063
1,0,6,1,2,48,1064
0,0,4,1,2,17,1065
1,1,4,3,1,44,1066
0,1,6,1,1,42,1067
1,0,6,1,1,49,1068
1,0,4,3,1,44,1069
1,0,6,3,1,4,1070
0,1,7,2,2,22,1071
1,0,7,2,1,28,1072
1,0,7,2,2,43,1073
1,0,4,3,1,49,1074
1,0,6,2,3,28,1075
1,0,7,3,1,11,1076
1,0,6,3,2,25,1077
1,0,7,1,1,8,1078
1,1,4,1,2,28,1079
0,0,7,2,1,9,1080
1,0,7,3,1,24,1081
1,1,3,2,1,50,1082
0,1,5,1,2,50,1083
1,0,1,3,2,45,1084
1,1,1,1,1,38,1085
1,1,4,3,2,38,1086
0,1,2,1,3,50,1087
1,0,3,1,1,18,1088
1,0,7,3,1,31,1089
0,0,4,2,1,33,1090
0,0,1,1,1,26,1091
1,0,7,3,2,34,1092
0,0,4,1,1,11,1093
0,1,5,1,2,31,1094
1,0,6,3,1,6,1095
1,0,5,1,2,6,1096
1,0,6,1,1,26,1097
1,1,5,2,2,49,1098
1,0,6,3,1,6,1099
1,0,4,1,1,20,1100
0,0,4,1,2,32,1101
1,1,4,1,2,28,1102
1,0,7,1,1,36,1103
0,1,6,3,1,30,1104
1,0,7,2,1,45,1105
1,0,3,3,2,24,1106
0,1,7,3,2,31,1107
0,0,5,3,2,33,1108
1,0,7,1,3,17,1109
1,0,3,1,3,23,1110
0,0,6,1,2,40,1111
1,0,7,3,2,1,1112
1,1,4,3,1,23,1113
1,0,5,3,2,8,1114
1,0,5,3,1,11,1115
1,1,7,1,1,4,1116
1,0,4,3,3,11,1117
1,1,6,3,1,15,1118
1,0,1,2,2,6,1119
0,1,7,3,1,10,1120
1,0,3,3,1,34,1121
1,0,5,1,1,10,1122
1,0,6,3,2,22,1123
1,0,6,3,1,11,1124
0,1,6,1,2,33,1125
0,0,7,1,2,4,1126
0,0,7,2,1,22,1127
0,1,6,3,1,19,1128
0,1,6,3,2,28,1129
0,0,6,2,1,3,1130
1,0,2,2,1,26,1131
1,1,1,3,1,5,1132
0,0,5,1,2,13,1133
1,0,7,1,1,49,1134
1,0,6,2,2,6,1135
1,0,7,3,2,50,1136
1,0,4,1,1,20,1137
0,1,4,1,2,36,1138
1,0,4,1,3,35,1139
1,0,7,3,1,14,1140
1,0,4,3,2,18,1141
1,0,6,3,3,11,1142
0,0,5,3,2,29,1143
1,1,6,2,1,24,1144
1,0,4,1,3,9,1145
1,1,6,3,2,18,1146
0,1,7,2,1,12,1147
0,1,5,3,1,5,1148
1,0,6,1,2,40,1149
1,0,6,3,1,28,1150
0,0,5,1,1,11,1151
1,0,7,3,3,17,1152
1,1,6,3,1,32,1153
1,0,6,3,1,38,1154
1,0,1,3,1,34,1155
1,1,7,1,2,36,1156
0,0,7,2,2,7,1157
1,0,6,1,1,35,1158
1,0,6,1,2,6,1159
1,0,7,2,1,5,1160
1,0,4,3,2,4,1161
1,1,3,1,3,36,1162
1,0,7,3,3,50,1163
0,1,7,1,2,48,1164
0,0,3,1,1,9,1165
1,0,6,3,1,23,1166
0,1,5,3,1,17,1167
1,0,7,1,3,26,1168
1,0,7,1,1,36,1169
0,1,7,1,1,4,1170
1,0,7,3,1,35,1171
0,0,2,3,3,31,1172
1,0,7,1,1,36,1173
1,0,7,3,1,4,1174
0,0,6,2,1,7,1175
1,0,5,3,1,47,1176
1,0,7,3,2,25,1177
0,1,5,1,1,50,1178
1,0,5,1,2,43,1179
0,0,4,1,2,14,1180
1,1,7,3,2,44,1181
1,0,7,3,1,13,1182
0,1,1,3,1,44,1183
0,1,4,1,1,30,1184
1,0,6,2,1,40,1185
1,0,4,2,3,13,1186
0,1,6,3,1,21,1187
1,1,6,3,1,47,1188
1,1,7,3,1,32,1189
1,1,7,3,2,36,1190
1,0,5,2,3,26,1191
1,1,7,3,1,35,1192
1,0,7,1,1,32,1193
0,1,7,3,3,44,1194
0,1,7,1,2,5,1195
0,0,6,3,1,33,1196
1,0,7,1,3,40,1197
0,1,7,1,1,9,1198
1,1,5,3,1,12,1199
0,1,3,1,1,15,1200
